"","id"
"1",139945
"2",139967
"3",140179
"4",140429
"5",140484
"6",140715
"7",140734
"8",141227
"9",141388
"10",142332
"11",143075
"12",143707
"13",144838
"14",145292
"15",146812
"16",147756
"17",147842
"18",148495
"19",148593
"20",148609
"21",150138
"22",150244
"23",151208
"24",151489
"25",151958
"26",153060
"27",153181
"28",153206
"29",153280
"30",154409
"31",154445
"32",155376
"33",155643
"34",155761
"35",156239
"36",156344
"37",157057
"38",157297
"39",157594
"40",157847
"41",157986
"42",158111
"43",158872
"44",159323
"45",159739
"46",160325
"47",160479
"48",160856
"49",160925
"50",161966
"51",162375
"52",162797
"53",163324
"54",163932
"55",164656
"56",164657
"57",164720
"58",165284
"59",165305
"60",165599
"61",165696
"62",166129
"63",169232
"64",169559
"65",169578
"66",169778
"67",169902
"68",170269
"69",170510
"70",170547
"71",171346
"72",171508
"73",171804
"74",171822
"75",172777
"76",172816
"77",172914
"78",173120
"79",173131
"80",174470
"81",175373
"82",175484
"83",175725
"84",176175
"85",176920
"86",177630
"87",178595
"88",178626
"89",178766
"90",178887
"91",178901
"92",179528
"93",182355
"94",182906
"95",183794
"96",184113
"97",184316
"98",184703
"99",185232
"100",185480
"101",185714
"102",185761
"103",185802
"104",185899
"105",186437
"106",186779
"107",186884
"108",186999
"109",187141
"110",188209
"111",188339
"112",189973
"113",190379
"114",191927
"115",192405
"116",192613
"117",192695
"118",192705
"119",192774
"120",192886
"121",193025
"122",193114
"123",193120
"124",193362
"125",193374
"126",193477
"127",193638
"128",194285
"129",196859
"130",196913
"131",197796
"132",197960
"133",432795
"134",432753
"135",432708
"136",432584
"137",432473
"138",432417
"139",432304
"140",432164
"141",431886
"142",431885
"143",431877
"144",431872
"145",431764
"146",431692
"147",429029
"148",427340
"149",427006
"150",426408
"151",426231
"152",426115
"153",425916
"154",425355
"155",424820
"156",423272
"157",421797
"158",421417
"159",421267
"160",420691
"161",419506
"162",419504
"163",419290
"164",419199
"165",418587
"166",417880
"167",417561
"168",417074
"169",416452
"170",414736
"171",412441
"172",412246
"173",412121
"174",412119
"175",412004
"176",411589
"177",411516
"178",411312
"179",411033
"180",410597
"181",410162
"182",410102
"183",410101
"184",409979
"185",409345
"186",407303
"187",407302
"188",406512
"189",405485
"190",405130
"191",405126
"192",404833
"193",404794
"194",404133
"195",403886
"196",403304
"197",403141
"198",402968
"199",402714
"200",402529
"201",402193
"202",402148
"203",401877
"204",401640
"205",401561
"206",401470
"207",401302
"208",401293
"209",401171
"210",401167
"211",400943
"212",400902
"213",400122
"214",399593
"215",399551
"216",399515
"217",399150
"218",398598
"219",398360
"220",398084
"221",397931
"222",396985
"223",396749
"224",395646
"225",395535
"226",395071
"227",395068
"228",395053
"229",395037
"230",395023
"231",394843
"232",393905
"233",393524
"234",393517
"235",393324
"236",392709
"237",392591
"238",391985
"239",391854
"240",391795
"241",391635
"242",391628
"243",391515
"244",391124
"245",390458
"246",390373
"247",390245
"248",389771
"249",389034
"250",388866
"251",388558
"252",387043
"253",386598
"254",385913
"255",385761
"256",385728
"257",385595
"258",384644
"259",384269
"260",383893
"261",383292
"262",383130
"263",383034
"264",382721
"265",382648
"266",382631
"267",382561
"268",382334
"269",382260
"270",382259
"271",382082
"272",381793
"273",381791
"274",381670
"275",381660
"276",381478
"277",381342
"278",381273
"279",380912
"280",380584
"281",380498
"282",380231
"283",380026
"284",379667
"285",379466
"286",378420
"287",377777
"288",376936
"289",376699
"290",376698
"291",376560
"292",376352
"293",376204
"294",372630
"295",372314
"296",371977
"297",371573
"298",371186
"299",371048
"300",370872
"301",370852
"302",370850
"303",370656
"304",370513
"305",369931
"306",369909
"307",369545
"308",369264
"309",369128
"310",369120
"311",369068
"312",368785
"313",368498
"314",368161
"315",366075
"316",365458
"317",363454
"318",362788
"319",362685
"320",362449
"321",362273
"322",361865
"323",361584
"324",361379
"325",360744
"326",360471
"327",360102
"328",360073
"329",358911
"330",358605
"331",358195
"332",357966
"333",355819
"334",355410
"335",354472
"336",354444
"337",354287
"338",353955
"339",353765
"340",353684
"341",353374
"342",352973
"343",352936
"344",352741
"345",352572
"346",352169
"347",352099
"348",352094
"349",352036
"350",351951
"351",351711
"352",351551
"353",351540
"354",351174
"355",350760
"356",350599
"357",350523
"358",350302
"359",348975
"360",348468
"361",347798
"362",344472
"363",344450
"364",344383
"365",344218
"366",344094
"367",343996
"368",343925
"369",343771
"370",343567
"371",343456
"372",343349
"373",343277
"374",343176
"375",343175
"376",343072
"377",342954
"378",342931
"379",341966
"380",341663
"381",341495
"382",341122
"383",340859
"384",340214
"385",339326
"386",339173
"387",339052
"388",338716
"389",338661
"390",337907
"391",337782
"392",337101
"393",337040
"394",335861
"395",335857
"396",335844
"397",334921
"398",334622
"399",334371
"400",334313
"401",333981
"402",333960
"403",333844
"404",333595
"405",333215
"406",332961
"407",331918
"408",331195
"409",330840
"410",330309
"411",330130
"412",330099
"413",329734
"414",329580
"415",329502
"416",329263
"417",328091
"418",326559
"419",326126
"420",326010
"421",325463
"422",324936
"423",324325
"424",324025
"425",323841
"426",323341
"427",323016
"428",322786
"429",322396
"430",322176
"431",321159
"432",320873
"433",319962
"434",319259
"435",318992
"436",318967
"437",317774
"438",317135
"439",315209
"440",314762
"441",314750
"442",314677
"443",314471
"444",313970
"445",313474
"446",313345
"447",312777
"448",312214
"449",311841
"450",311450
"451",311359
"452",310914
"453",310532
"454",310001
"455",309883
"456",309804
"457",308734
"458",308592
"459",308587
"460",308366
"461",308033
"462",307926
"463",306877
"464",306110
"465",305977
"466",305806
"467",305723
"468",305672
"469",305546
"470",305545
"471",304933
"472",304840
"473",304228
"474",302876
"475",301625
"476",301483
"477",299569
"478",299438
"479",299073
"480",298396
"481",297935
"482",297172
"483",296833
"484",296408
"485",296241
"486",296201
"487",296143
"488",294403
"489",294291
"490",293764
"491",293518
"492",292903
"493",291949
"494",291473
"495",290642
"496",290467
"497",290162
"498",289781
"499",289457
"500",289037
"501",288952
"502",288760
"503",288691
"504",288105
"505",288104
"506",287923
"507",287774
"508",287092
"509",286897
"510",286523
"511",286070
"512",285544
"513",285052
"514",284638
"515",284451
"516",284299
"517",283927
"518",283786
"519",282184
"520",281807
"521",281042
"522",280602
"523",280089
"524",279584
"525",279488
"526",279373
"527",279347
"528",279246
"529",278460
"530",278384
"531",277755
"532",277534
"533",277504
"534",277198
"535",277157
"536",276039
"537",275629
"538",275628
"539",275326
"540",274634
"541",274516
"542",273733
"543",272822
"544",272807
"545",272103
"546",271822
"547",271332
"548",271037
"549",270573
"550",270032
"551",269987
"552",269974
"553",269891
"554",269562
"555",269343
"556",269098
"557",268806
"558",268540
"559",268377
"560",268078
"561",267034
"562",266570
"563",266461
"564",266377
"565",263518
"566",262706
"567",262290
"568",261926
"569",261795
"570",261530
"571",261528
"572",261376
"573",261034
"574",260619
"575",260560
"576",260102
"577",259654
"578",259419
"579",258697
"580",258387
"581",258076
"582",257724
"583",257643
"584",257020
"585",256150
"586",255654
"587",255026
"588",254867
"589",254576
"590",254433
"591",254415
"592",254142
"593",253642
"594",253218
"595",253076
"596",251392
"597",251024
"598",250175
"599",250085
"600",249769
"601",249707
"602",249352
"603",249101
"604",248922
"605",248735
"606",248632
"607",248309
"608",247901
"609",247879
"610",247874
"611",246580
"612",246482
"613",246462
"614",246120
"615",246119
"616",246118
"617",246114
"618",246039
"619",245823
"620",245737
"621",245096
"622",244131
"623",244068
"624",243962
"625",243243
"626",242643
"627",242555
"628",242479
"629",242264
"630",241904
"631",241881
"632",241602
"633",241582
"634",241543
"635",240270
"636",239947
"637",239649
"638",239048
"639",238371
"640",238139
"641",237630
"642",237624
"643",236909
"644",236112
"645",236039
"646",235972
"647",234023
"648",233220
"649",233107
"650",232739
"651",232485
"652",232070
"653",231607
"654",231388
"655",231381
"656",231361
"657",230923
"658",230772
"659",229300
"660",229245
"661",229194
"662",228094
"663",227988
"664",227435
"665",227059
"666",225578
"667",225174
"668",224999
"669",224844
"670",224291
"671",224016
"672",223755
"673",223118
"674",222017
"675",220932
"676",220770
"677",220759
"678",220600
"679",220378
"680",219959
"681",219892
"682",219891
"683",219873
"684",219786
"685",219001
"686",218776
"687",216178
"688",216129
"689",215902
"690",215853
"691",215807
"692",215593
"693",215209
"694",215189
"695",215107
"696",214690
"697",214630
"698",214626
"699",214074
"700",213275
"701",212843
"702",212224
"703",211814
"704",211671
"705",211523
"706",211327
"707",211319
"708",210353
"709",210138
"710",210028
"711",208647
"712",208463
"713",208063
"714",207182
"715",206452
"716",206392
"717",206339
"718",206008
"719",204677
"720",202979
"721",202211
"722",201676
"723",200593
"724",199497
"725",199465
"726",199464
"727",198940
"728",198827
"729",588746
"730",587995
"731",587637
"732",586820
"733",586774
"734",586772
"735",585973
"736",585938
"737",585815
"738",585184
"739",584667
"740",584536
"741",583659
"742",583654
"743",583345
"744",583153
"745",582391
"746",582153
"747",581661
"748",581557
"749",581153
"750",580968
"751",580497
"752",580048
"753",578946
"754",578518
"755",578171
"756",577492
"757",577063
"758",577025
"759",576472
"760",576265
"761",576216
"762",575912
"763",575620
"764",575455
"765",575437
"766",575425
"767",575350
"768",574993
"769",574684
"770",574497
"771",574356
"772",574197
"773",574024
"774",573825
"775",572848
"776",570544
"777",570229
"778",569966
"779",569847
"780",569702
"781",569620
"782",569426
"783",569340
"784",568350
"785",568115
"786",567482
"787",567207
"788",567134
"789",567050
"790",567033
"791",565941
"792",565934
"793",565858
"794",565586
"795",565561
"796",565478
"797",565469
"798",564874
"799",564588
"800",564369
"801",564275
"802",563347
"803",562072
"804",561899
"805",561167
"806",560855
"807",560805
"808",560468
"809",559566
"810",558803
"811",558722
"812",558712
"813",558630
"814",558228
"815",558163
"816",557768
"817",557603
"818",556714
"819",556685
"820",556115
"821",555232
"822",554606
"823",554044
"824",553840
"825",553283
"826",552929
"827",552825
"828",552273
"829",552255
"830",552062
"831",550693
"832",550568
"833",550513
"834",549322
"835",549254
"836",548002
"837",547684
"838",547516
"839",547248
"840",547063
"841",545959
"842",545958
"843",545812
"844",544292
"845",542614
"846",541591
"847",541396
"848",541197
"849",540874
"850",539607
"851",537670
"852",537618
"853",536782
"854",536757
"855",536436
"856",536124
"857",536026
"858",535928
"859",535862
"860",534449
"861",534424
"862",534343
"863",534156
"864",534037
"865",533816
"866",533716
"867",533583
"868",532407
"869",530596
"870",530279
"871",529785
"872",529441
"873",529256
"874",528588
"875",526831
"876",525505
"877",525133
"878",525093
"879",524733
"880",524083
"881",523786
"882",523746
"883",523538
"884",523346
"885",522990
"886",522970
"887",522908
"888",522072
"889",521346
"890",521269
"891",520896
"892",520600
"893",519313
"894",518413
"895",517976
"896",517593
"897",516957
"898",516939
"899",516843
"900",516152
"901",515776
"902",515552
"903",515506
"904",515475
"905",515387
"906",515264
"907",515169
"908",514922
"909",514464
"910",513826
"911",513635
"912",513385
"913",513329
"914",511866
"915",511355
"916",511062
"917",508466
"918",508274
"919",506553
"920",506025
"921",505787
"922",505634
"923",505421
"924",505370
"925",505213
"926",504253
"927",503600
"928",503274
"929",501895
"930",501474
"931",500680
"932",500610
"933",499837
"934",499699
"935",499601
"936",498760
"937",496767
"938",496263
"939",495875
"940",495775
"941",495464
"942",494793
"943",494455
"944",494087
"945",493794
"946",493488
"947",493403
"948",492897
"949",490742
"950",490617
"951",490450
"952",490118
"953",488684
"954",488522
"955",487577
"956",486575
"957",486533
"958",486056
"959",485772
"960",485313
"961",484986
"962",484835
"963",484774
"964",484701
"965",484550
"966",484031
"967",483786
"968",483333
"969",483052
"970",483046
"971",482797
"972",482653
"973",482404
"974",481969
"975",481968
"976",481389
"977",481078
"978",479988
"979",479062
"980",478914
"981",478357
"982",477997
"983",475884
"984",475748
"985",475648
"986",475256
"987",474749
"988",473925
"989",473603
"990",473451
"991",473167
"992",473041
"993",472778
"994",472776
"995",472737
"996",472554
"997",472159
"998",472039
"999",471928
"1000",471731
"1001",471521
"1002",470918
"1003",470640
"1004",470442
"1005",469842
"1006",469707
"1007",469393
"1008",469300
"1009",469069
"1010",468592
"1011",467735
"1012",467291
"1013",466704
"1014",465668
"1015",464706
"1016",464484
"1017",463972
"1018",462473
"1019",462252
"1020",462215
"1021",462176
"1022",461472
"1023",461167
"1024",461023
"1025",460187
"1026",459844
"1027",459269
"1028",458714
"1029",458592
"1030",457859
"1031",456019
"1032",455810
"1033",455595
"1034",455199
"1035",453959
"1036",453812
"1037",452769
"1038",452285
"1039",451626
"1040",451372
"1041",451263
"1042",450653
"1043",450330
"1044",450166
"1045",449307
"1046",448687
"1047",448467
"1048",448186
"1049",447710
"1050",447438
"1051",447200
"1052",446254
"1053",446144
"1054",445950
"1055",444327
"1056",444107
"1057",443058
"1058",442288
"1059",441265
"1060",441241
"1061",441034
"1062",440433
"1063",440398
"1064",440042
"1065",439970
"1066",439933
"1067",439101
"1068",439100
"1069",439099
"1070",438629
"1071",438041
"1072",437650
"1073",437154
"1074",437027
"1075",436927
"1076",436006
"1077",435667
"1078",435560
"1079",435122
"1080",434778
"1081",433166
"1082",433135
